,Normal,Suspect,Pathological,accuracy,macro avg,weighted avg
precision,0.9337175792507204,0.9019607843137255,0.9285714285714286,0.9295774647887324,0.9214165973786249,0.9282618541862767
recall,0.9938650306748467,0.6764705882352942,0.8125,0.9295774647887324,0.8276118729700469,0.9295774647887324
f1-score,0.9628528974739969,0.773109243697479,0.8666666666666666,0.9295774647887324,0.8675429359460476,0.9253399213175701
support,326.0,68.0,32.0,0.9295774647887324,426.0,426.0
